Artikelnummer;Netto-VK
00FE333;72,00
81Y1622;80,00
90Y9424;80,00
4TC7B13092;280,00
7G17A03130;280,00
4TC7B12410;312,00
00FE331;312,00
90Y9412;312,00
90Y9415;720,00
49Y4216;158,00
49Y8578;158,00
49Y4218;158,00
46C3447;158,00
68Y6923;158,00
69Y0389;158,00
4TC7A78615;158,00
00NU537;158,00
00VX183;158,00
00MY034;158,00
4M27A67041;208,00
4TC7A69045;208,00
7G17A03537;208,00
4TC7A88638;208,00
7G17A03538;448,00
00YL631;560,00
49Y7884;280,00
00D9865;280,00
00FE325;280,00
00D6222;1.120,00
4M27A67042;384,00
7G17A03539;384,00
4TC7A86257;384,00
7G17A03540;2.240,00
00YL634;130,00
00YL637;149,00
00YL640;168,00
00YL643;187,00
00YL646;264,00
00YL649;312,00
00D6288;68,00
90Y9427;72,00
00AY764;76,00
00AY765;80,00
90Y9430;88,00
90Y9433;104,00
00D6151;120,00
00VX111;72,00
00VX114;88,00
00VX117;104,00
4X97A94008;170,00
4X97A94011;192,00
4X97A94012;248,00
4X97A94013;304,00
4X97A94702;360,00
7Z57A03541;170,00
7Z57A03542;192,00
7Z57A03543;248,00
7Z57A03544;304,00
7Z57A03545;360,00
7Z57A03557;86,00
7Z57A03558;105,00
7Z57A03559;124,00
4X97A94703;254,00
4X97A94014;283,00
4X97A94015;312,00
4X97A94016;384,00
4X97A94704;456,00
4X97A94705;528,00
4Z57A10844;254,00
7Z57A03546;283,00
7Z57A03547;312,00
7Z57A03548;384,00
7Z57A03549;456,00
7Z57A03550;528,00
7Z57A03561;156,00
7Z57A03562;204,00
7Z57A03563;252,00
4X97A11113;244,00
4X97A12613;300,00
7Z57A03551;283,00
7Z57A03552;312,00
7Z57A03553;384,00
7Z57A03554;456,00
7Z57A03555;528,00
7Z57A03564;156,00
4Z57A85043;168,00
4Z57A85044;180,00
7Z57A03565;204,00
7Z57A03566;252,00
49Y7890;82,00
49Y7891;101,00
00D5810;120,00
00D5813;139,00
00YL652;174,00
00YL655;200,00
00YL658;226,00
00YL661;328,00
00YL664;392,00
49Y7886;82,00
49Y7887;101,00
49Y7888;120,00
00YL667;149,00
00YL670;174,00
00YL673;200,00
